{
  "project_info": {
    "project_number": "332352044723",
    "firebase_url": "https://fir-login-ef3d9.firebaseio.com",
    "project_id": "fir-login-ef3d9",
    "storage_bucket": "fir-login-ef3d9.appspot.com"
  },
  "client": [
    {
      "client_info": {
        "mobilesdk_app_id": "1:332352044723:android:350359ceab452f2f",
        "android_client_info": {
          "package_name": "com.example.firebaselogin"
        }
      },
      "oauth_client": [
        {
          "client_id": "332352044723-gg1tkga1pa3fekhlasg26he44qpv6snh.apps.googleusercontent.com",
          "client_type": 1,
          "android_info": {
            "package_name": "com.example.firebaselogin",
            "certificate_hash": "dced5e0d7255f4fbd130a121d63cf866d221dff6"
          }
        },
        {
          "client_id": "332352044723-6un72dj9iubeeaa4u03ui5st93723cpv.apps.googleusercontent.com",
          "client_type": 3
        }
      ],
      "api_key": [
        {
          "current_key": "AIzaSyAF562_R4C7Gx2jeDLRnrNrmql-Jmu_j18"
        }
      ],
      "services": {
        "analytics_service": {
          "status": 1
        },
        "appinvite_service": {
          "status": 2,
          "other_platform_oauth_client": [
            {
              "client_id": "332352044723-6un72dj9iubeeaa4u03ui5st93723cpv.apps.googleusercontent.com",
              "client_type": 3
            }
          ]
        },
        "ads_service": {
          "status": 2
        }
      }
    }
  ],
  "configuration_version": "1"
}