{
  "project_info": {
    "project_number": "321015678045",
    "firebase_url": "https://finalproject-b9974.firebaseio.com",
    "project_id": "finalproject-b9974",
    "storage_bucket": "finalproject-b9974.appspot.com"
  },
  "client": [
    {
      "client_info": {
        "mobilesdk_app_id": "1:321015678045:android:58868709ffc52f7a",
        "android_client_info": {
          "package_name": "com.example.finalproject"
        }
      },
      "oauth_client": [
        {
          "client_id": "321015678045-rer0re71h6q1q798vkp8gheip0j3lmrn.apps.googleusercontent.com",
          "client_type": 1,
          "android_info": {
            "package_name": "com.example.finalproject",
            "certificate_hash": "13393deb8929ab473e63f07293d29077901b23ff"
          }
        },
        {
          "client_id": "321015678045-f6nnk73e02maoga5i31hnnfnged003a4.apps.googleusercontent.com",
          "client_type": 3
        }
      ],
      "api_key": [
        {
          "current_key": "AIzaSyBJdhDmZim_romsMl6zB09zzRHZtOeWZMc"
        }
      ],
      "services": {
        "appinvite_service": {
          "other_platform_oauth_client": [
            {
              "client_id": "321015678045-f6nnk73e02maoga5i31hnnfnged003a4.apps.googleusercontent.com",
              "client_type": 3
            }
          ]
        }
      }
    },
    {
      "client_info": {
        "mobilesdk_app_id": "1:321015678045:android:a760e35b8e3349d5",
        "android_client_info": {
          "package_name": "com.example.finalproject_authority"
        }
      },
      "oauth_client": [
        {
          "client_id": "321015678045-ih7vpkt1kal4t6mjsi43gchpv84sa2b2.apps.googleusercontent.com",
          "client_type": 1,
          "android_info": {
            "package_name": "com.example.finalproject_authority",
            "certificate_hash": "13393deb8929ab473e63f07293d29077901b23ff"
          }
        },
        {
          "client_id": "321015678045-f6nnk73e02maoga5i31hnnfnged003a4.apps.googleusercontent.com",
          "client_type": 3
        }
      ],
      "api_key": [
        {
          "current_key": "AIzaSyBJdhDmZim_romsMl6zB09zzRHZtOeWZMc"
        }
      ],
      "services": {
        "appinvite_service": {
          "other_platform_oauth_client": [
            {
              "client_id": "321015678045-f6nnk73e02maoga5i31hnnfnged003a4.apps.googleusercontent.com",
              "client_type": 3
            }
          ]
        }
      }
    }
  ],
  "configuration_version": "1"
}